작가명,작가 영문명,작품명,분류,경로 분류,수집년도,소장 미술관,활동국가,국적
갈라 포라스 김,Gala Porras-Kim,La Mojarra Stela and its shapes,설치,복합,2020,휘트니 미술관,"로스엔젤레스, 런던, 콜롬비아",
갈라 포라스 김,Gala Porras-Kim,La Mojarra Stela negative space,설치,공공기부,2020,휘트니 미술관,"로스엔젤레스, 런던, 콜롬비아",
갈라 포라스-김,Gala Porras-Kim,13 International Dogs,회화,공공기부,2019,브루클린 미술관,"로스엔젤레스, 런던, 콜롬비아",
강익중,Ik-Joong Kang,1392 Moon Jars (Wind),설치,민간기증,2010,구겐하임,미국,
강익중,Ik-Joong Kang,Throw Everything Together and Add,설치,공공기부,1997,휘트니 미술관,미국,
구정아,Koo Jeong-A,Oslo,설치,민간기부,2003,구겐하임,한국,
구정아 외,"Koo Jeong-a(Various Artists with Lucy McKenzie, Julie Mehretu, Yang Fudong, Koo Jeong-a)",Parkett no. 76,도서,공공기증,2006,뉴욕현대미술관,한국,
구정아 외,"Koo Jeong-a(Various Artists with Anne Collier, Koo Jeong-a, Ernesto Neto, Olaf Nicolai, Rebecca Warren)",Parkett no. 78,도서,공공기증,2007,뉴욕현대미술관,한국,
구정아 외,"Koo Jeong-a(Various Artists with Trisha Donnelly, Carsten Höller, Koo Jeong-a, Rudolf Stingel)",Parkett no. 77,도서,공공기증,2006,뉴욕현대미술관,한국,
권성옥,Kwon Sung Ok,Old Recollections,판화,공공기부,1983,브루클린 미술관,,
"김 오김 우, 제레미델러","Jeremy Deller, Okim Woo Kim",Untitled (Lying Pose) from Iggy Pop Life Class by Jeremy Deller,현대미술,-,2016,브루클린 미술관,미국,
"김 오김 우, 제레미델러","Jeremy Deller, Okim Woo Kim",Untitled (Two Poses: Standing and Sitting) from Iggy Pop Life Class by Jeremy Deller,현대미술,-,2016,브루클린 미술관,미국,
"김 오김 우, 제레미델러","Jeremy Deller, Okim Woo Kim",Untitled (Seated Pose) from Iggy Pop Life Class by Jeremy Deller,현대미술,-,2016,브루클린 미술관,미국,
"김 오김 우, 제레미델러","Jeremy Deller, Okim Woo Kim",Untitled (Standing Pose) from Iggy Pop Life Class by Jeremy Deller,현대미술,-,2016,브루클린 미술관,미국,
김규진,Kim Gyu-jin,Bamboo with Rocks,회화,민간기금,2006,허버트 존슨 미술관,한국,
김근중,Keun-Joong Kim,Natural Being I,회화,민간기증,1995,메트로폴리탄,,
김기창,Kim Kichang,Plum Blossoms and Birds,회화,민간기증,2004,허버트 존슨 미술관,한국,
김대원,Kim Dae Won,Idle Day,회화,민간기금,2003,허버트 존슨 미술관,,
김민정,Minjung Kim,Story,회화,작가기증,2023,메트로폴리탄,한국,
김민정,Minjung Kim,Story,회화,민간기금,2015,허버트 존슨 미술관,한국,
김범,Kim Beom,Untitled (Intimate Suffering #11),회화,공공기부,2012,뉴욕현대미술관,한국,
김범,Kim Beom,Untitled (Water from Ganges River in the Cup Made with Newspaper from Congo),판화,민간기부,2018,뉴욕현대미술관,한국,
김범,Kim Beom,Untitled (Front Toe of Lion Standing on a Miniature Axe That Was Lost by a Tourist from Hawaii),판화,민간기부,2018,뉴욕현대미술관,한국,
김범,Kim Beom,Untitled (Wrongfully Made Barber's Chair),판화,민간기부,2018,뉴욕현대미술관,한국,
김범,Kim Beom,Untitled (Tongue of a Camel Tasting Rock Salt at a Construction Spot in Egypt),판화,민간기부,2018,뉴욕현대미술관,한국,
김범,Kim Beom,Untitled (A Bud Who Got a Package and Trying to Read the Name of Sender),판화,민간기부,2018,뉴욕현대미술관,한국,
김범,Kim Beom,Untitled (Nose of a Pig Smells Accelerator),판화,민간기부,2018,뉴욕현대미술관,한국,
김범,Kim Beom,Untitled (A Man in Subway Talking with His Fist the Dot at the Top Right Is Nothing),판화,민간기부,2018,뉴욕현대미술관,한국,
김범,Kim Beom,Untitled (A Bud with 2 New Leaves),판화,민간기부,2018,뉴욕현대미술관,한국,
김범,Kim Beom,Untitled (A Manta and Its Shadow),판화,민간기부,2018,뉴욕현대미술관,한국,
김범,Kim Beom,"Untitled (A Cloud at the Top Left, Right Side a Swallow Head, Bottom Left a Bridge)",판화,민간기부,2018,뉴욕현대미술관,한국,
김범,Kim Beom,Untitled (An Old Arrow Sign After Volcano Eruption),판화,민간기부,2018,뉴욕현대미술관,한국,
김범,Kim Beom,Untitled,판화,민간기부,2018,뉴욕현대미술관,한국,
김보현,Po Kim,Walnuts,회화,민간기증,2024,메트로폴리탄,,
김보현,Po Kim,Vessel,판화,민간 기증,1977,시카고 미술관,,
김성자,Kim Sung Ja,Calligraphy,서예,민간기증,2001,허버트 존슨 미술관,,
김성환,Sung Hwan Kim,Temper Clay,미디어,공공기부,2013,뉴욕현대미술관,,
김용진,Kim Yong-jin,Orchid and Rock,회화,민간기증,2004,허버트 존슨 미술관,,
김은호,Kim Eun-ho,Swimming Carp,회화,민간기증,2004,허버트 존슨 미술관,,
김응원,Kim Eung-won,AAM 010,회화,민간 기금,2006,시카고 미술관,,
김종견,Kim Chong-kyon,Planting Rice,회화,민간기증,2004,허버트 존슨 미술관,,
김차섭,Tchah-Sup Kim,Hand,회화,민간기증,1995,메트로폴리탄,,
김차섭,Tchah-Sup Kim,Between Infinites 6,판화,공공기부,1977,브루클린 미술관,,
김훈,Kim Foon,March (from a series dealing with the seasons),판화,민간기증,1970,허버트 존슨 미술관,,
김훈,Kim Foon,Unihaha,회화,민간기증,2018,허버트 존슨 미술관,,
니키 리,Nikki S. Lee,The Ohio Project (8),사진,작가기증,2000,메트로폴리탄,미국,
니키 리,Nikki S. Lee,The Hip Hop Project (1),사진,민간기증,2003,구겐하임,미국,
니키 리,Nikki S. Lee,The Seniors Project (14),사진,민간기증,2003,구겐하임,미국,
니키 리,Nikki S. Lee,The Yuppie Project (4),사진,민간기증,2003,구겐하임,미국,
니키 리,Nikki S. Lee,The Tourists Project (9),사진,민간기증,2003,구겐하임,미국,
니키 리,Nikki S. Lee,The Punk Project (6),사진,민간기증,2001,구겐하임,미국,
니키 리,Nikki S. Lee,The Hip Hop Project (2),사진,민간기금,2007,허버트 존슨 미술관,미국,
니키 리,Nikki S. Lee,AAM 002,사진,공공 기금,2008,시카고 미술관,미국,
니키 리,Nikki S. Lee,AAM 001,사진,민간 기증,2008,시카고 미술관,미국,
마이클 주,Michael Joo,Salt Transfer Cycle,미디어아트,민간기증,2010,휘트니 미술관,,
민영순,Yong Soon Min,Talking Herstory,회화,민간기부,1994,뉴욕현대미술관,미국,
민영순,Yong Soon Min,"Back to the Future, from the installation Geography of Desire",판화,민간기증,2022,브루클린 미술관,미국,
바이런 김,Byron Kim,Sunday Painting 2/18/07,회화,공공기증,2011,브루클린 미술관,미국,
바이런 김,Byron Kim,Sunday Painting 6/1/10,회화,공공기증,2011,브루클린 미술관,미국,
바이런 김,Byron Kim,Sunday Painting 8/16/10,회화,공공기증,2011,브루클린 미술관,미국,
바이런 김,Byron Kim,Sunday Painting 1/2/11,회화,공공기증,2011,브루클린 미술관,미국,
바이런 김,Byron Kim,Sunday Painting 12/20/10,회화,공공기증,2011,브루클린 미술관,미국,
바이런 김,Byron Kim,A Sign of Quality,판화,민간기증,2022,브루클린 미술관,미국,
바이런 김,Byron Kim,Synecdoche,회화,민간기증,2016,브루클린 미술관,미국,
바이런 김,Byron Kim,Red Belly,회화,민간기증,2016,브루클린 미술관,미국,
바이런 김,Byron Kim,Please Do Not Touch,회화,민간기증,2016,브루클린 미술관,미국,
바이런 김,Byron Kim,Sunday Painting 1/16/11,회화,공공기증,2011,브루클린 미술관,미국,
바이런 김,Byron Kim,Synecdoche [Whitney Artists],회화,공공기증,1999,휘트니 미술관,미국,
바이런 김,Byron Kim,Two Cranes,드로잉,공공기부,1996,휘트니 미술관,미국,
바이런 김,Byron Kim,Two Egrets with Bamboo,드로잉,공공기부,1996,휘트니 미술관,미국,
바이런 김,Byron Kim,(Untitled),판화,-,1996,휘트니 미술관,미국,
바이런 김,Byron Kim,Sunday Painting 1/14/18 ViewAllWorks,회화,민간기증,2019,허버트 존슨 미술관,미국,
바이런 김,Byron Kim,Sunday Painting 12/28/14,회화,민간기증,2019,허버트 존슨 미술관,미국,
바이런 김,Byron Kim,Gold Series: Asian Art Museum,회화,공공 기금,1999,시카고 미술관,미국,
바이런 김,Byron Kim,Gold Series: Asian Art Museum,회화,민간 기증,2013,시카고 미술관,미국,
박래현,Rae-hyun Park,Grapevine,회화,민간기증,2004,허버트 존슨 미술관,한국,
박상열,Sangyul Park,Screen of Flowers,회화,민간기증,1982,브루클린 미술관,,
박서보,Park Seo-Bo,Ecriture No. 55-73,회화,민간기증,2015,구겐하임,"한국, 미국",
박서보,Park Seo-Bo,Writing 59-74-77,회화,민간기증,2015,뉴욕현대미술관,"한국, 미국",
박서보,Park Seo-Bo,Gold Series: Asian Art Museum,회화,민간 기증(사전),2016,시카고 미술관,"한국, 미국",
박성무,Pak Sung-mu,Snowy Mountain,회화,민간기증,2004,허버트 존슨 미술관,,
박영남,Park Yungnam,Moonlight Song,회화,민간기금,2018,허버트 존슨 미술관,,
박현기,Park Hyunki,Untitled,미디어 설치,공공기부,2018,뉴욕현대미술관,,
배융,Yoong Bae,Untitled (Christmas Card),판화/카드,민간기증,1991,허버트 존슨 미술관,,
배융,Yoong Bae,Untitled (Christmas Card),판화/카드,민간기증,1991,허버트 존슨 미술관,,
백남준,Nam June Paik,"V-Idea, a priori",판화,민간기증,2018,메트로폴리탄,"영국, 미국",
백남준,Nam June Paik,Chinese Memory,미디어/설치,복합,2024,메트로폴리탄,"영국, 미국",
백남준,Nam June Paik,Global Groove,미디어아트,복합,2023,메트로폴리탄,"영국, 미국",
백남준,Nam June Paik,Global Groove 2004,설치,공공기금,2003,구겐하임,"영국, 미국",
백남준,Nam June Paik,TV Garden,미디어아트/설치,공공기금,2001,구겐하임,"영국, 미국",
백남준,Nam June Paik,Random Access,설치,공공기금,2001,구겐하임,"영국, 미국",
백남준,Nam June Paik,Untitled,미디어/설치,복합,1993,뉴욕현대미술관,"영국, 미국",
백남준,Nam June Paik,Untitled (Green Ginsburg),사진,민간기증,2000,뉴욕현대미술관,"영국, 미국",
백남준,Nam June Paik,Braun Jet,조각/설치,공공기증,2008,뉴욕현대미술관,"영국, 미국",
백남준,Nam June Paik,Kricke Jet,조각/설치,공공기증,2008,뉴욕현대미술관,"영국, 미국",
백남준,Nam June Paik,Hoehme Jet,조각/설치,공공기증,2008,뉴욕현대미술관,"영국, 미국",
백남준,Nam June Paik,Beüys Jet,조각/설치,공공기증,2008,뉴욕현대미술관,"영국, 미국",
백남준,Nam June Paik,Flux Jets,드로잉,공공기증,2008,뉴욕현대미술관,"영국, 미국",
백남준,Nam June Paik,Flux Jets,드로잉,공공기증,2008,뉴욕현대미술관,"영국, 미국",
백남준,Nam June Paik,Flux Jets,드로잉,공공기증,2008,뉴욕현대미술관,"영국, 미국",
백남준,Nam June Paik,Flux Jets,드로잉,공공기증,2008,뉴욕현대미술관,"영국, 미국",
백남준,Nam June Paik,"Good Morning, Mr. Orwell",미디어,작가기증,1992,뉴욕현대미술관,"영국, 미국",
백남준,Nam June Paik,Drawing for T.V. Camera Sculpture,드로잉,공공기증,2018,뉴욕현대미술관,"영국, 미국",
백남준,Nam June Paik,Lake Placid '80,미디어,작가기증,1981,뉴욕현대미술관,"영국, 미국",
백남준,Nam June Paik,Guadalcanal Requiem,미디어,작가기증,1981,뉴욕현대미술관,"영국, 미국",
백남준,Nam June Paik,3 F Truck,조각/오브제,공공기증,2008,뉴욕현대미술관,"영국, 미국",
백남준,Nam June Paik,My Jubilee ist Unverhemmet,드로잉/프린트,민간기부,2013,뉴욕현대미술관,"영국, 미국",
백남준,Nam June Paik,A Tribute to John Cage,미디어,작가기증,1992,뉴욕현대미술관,"영국, 미국",
백남준,Nam June Paik,Symphony No. 5 (Symphonie Nr. 5),드로잉/프린트,공공기증,2008,뉴욕현대미술관,"영국, 미국",
백남준,Nam June Paik,Untitled,드로잉,공공기증,2008,뉴욕현대미술관,"영국, 미국",
백남준,Nam June Paik,Untitled,드로잉,공공기증,2008,뉴욕현대미술관,"영국, 미국",
백남준,Nam June Paik,Untitled from The New York Collection for Stockholm,프린트,민간기증,1973,뉴욕현대미술관,"영국, 미국",
백남준,Nam June Paik,Global Groove,미디어,공공기증,1975,뉴욕현대미술관,"영국, 미국",
백남준,Nam June Paik,Portrait of Geoge Brecht,조각/오브제,공공기증,2008,뉴욕현대미술관,"영국, 미국",
백남준,Nam June Paik,Zen for Film,미디어,공공기증,2008,뉴욕현대미술관,"영국, 미국",
백남준,Nam June Paik,Zen for TV,미디어/조각,공공기증,2008,뉴욕현대미술관,"영국, 미국",
백남준,Nam June Paik,Notation for Braun Jet,드로잉,민간기증,2008,뉴욕현대미술관,"영국, 미국",
백남준,Nam June Paik,Mr. Kim,미디어아트,민간기증,2017,브루클린 미술관,"영국, 미국",
백남준,Nam June Paik,Untitled,판화,민간기증,1976,브루클린 미술관,"영국, 미국",
백남준,Nam June Paik,"Triangle, Trinity",판화,민간기부,1998,브루클린 미술관,"영국, 미국",
백남준,Nam June Paik,Untitled,판화,민간기증,1976,브루클린 미술관,"영국, 미국",
백남준,Nam June Paik,Magnet TV,조각,민간기부,1986,휘트니 미술관,"영국, 미국",
백남준,Nam June Paik,V-yramid,조각,공공기부,1982,휘트니 미술관,"영국, 미국",
백남준,Nam June Paik,"Voltaire...Liberty, Reason",판화,#NAME?,1994,휘트니 미술관,"영국, 미국",
백남준,Nam June Paik,David...The Cultural-Revolution Requires the ART-Revolution as the Pre-Requisite and as the Pre-Condition,판화,#NAME?,1994,휘트니 미술관,"영국, 미국",
백남준,Nam June Paik,Marat...Assassination,판화,#NAME?,1994,휘트니 미술관,"영국, 미국",
백남준,Nam June Paik,"Olympe de Gouges...Women, French",판화,#NAME?,1994,휘트니 미술관,"영국, 미국",
백남준,Nam June Paik,Rousseau...Lao-tze also Pleaded for the Return to Mother Nature,판화,#NAME?,1994,휘트니 미술관,"영국, 미국",
백남준,Nam June Paik,Danton...Oratory or Elegance,판화,#NAME?,1994,휘트니 미술관,"영국, 미국",
백남준,Nam June Paik,Robespierre...Does the Revolution Justify the Violence,판화,#NAME?,1994,휘트니 미술관,"영국, 미국",
백남준,Nam June Paik,"Diderot...One Word is 1,000 Dollars",판화,#NAME?,1994,휘트니 미술관,"영국, 미국",
백남준,Nam June Paik,"(Text page, ""A Family Likeness,"" by Jean-Paul Farguir)",판화,#NAME?,1994,휘트니 미술관,"영국, 미국",
백남준,Nam June Paik,"(Text page, ""A Family Likeness,"" by Jean-Paul Farguir)",판화,#NAME?,1994,휘트니 미술관,"영국, 미국",
백남준,Nam June Paik,"(Text page, ""A Family Likeness,"" by Jean-Paul Farguir)",판화,#NAME?,1994,휘트니 미술관,"영국, 미국",
백남준,Nam June Paik,(Title page and colophon),판화,#NAME?,1994,휘트니 미술관,"영국, 미국",
백남준,Nam June Paik,Fin de Siecle II,조각/미디어,민간기증,1993,휘트니 미술관,"영국, 미국",
백남준,Nam June Paik,Untitled,판화,민간기증,1993,휘트니 미술관,"영국, 미국",
백남준,Nam June Paik,Untitled,판화,민간기증,1993,휘트니 미술관,"영국, 미국",
백남준,Nam June Paik,Untitled,판화,민간기증,1993,휘트니 미술관,"영국, 미국",
백남준,Nam June Paik,Untitled,판화,민간기증,1993,휘트니 미술관,"영국, 미국",
백남준,Nam June Paik,Untitled,판화,민간기증,1993,휘트니 미술관,"영국, 미국",
백남준,Nam June Paik,Homage to Schoenberg,판화,민간기부,2008,휘트니 미술관,"영국, 미국",
백남준,Nam June Paik,(Untitled),판화,-,1996,휘트니 미술관,"영국, 미국",
백남준,Nam June Paik,Electronic Opera No. 1,미디어아트,공공기금,2011,허버트 존슨 미술관,"영국, 미국",
백남준,Nam June Paik,"Untitled, from the portfolio A New York Collection for Stockholm",판화,민간기증,1976,허버트 존슨 미술관,"영국, 미국",
백남준,Nam June Paik,Sonata,판화,민간기증,2015,허버트 존슨 미술관,"영국, 미국",
백남준,"Nam June Paik, John J. Godfrey",Global Groove,미디어아트,공공기금,2011,허버트 존슨 미술관,"영국, 미국",
백남준,Nam June Paik,Gold Series: Asian Art Museum,판화,민간 기증,1976,시카고 미술관,"영국, 미국",
백남준,Nam June Paik,Gold Series: Asian Art Museum,미디어아트,민간 기증,1992,시카고 미술관,"영국, 미국",
백남준,Nam June Paik,Gold Series: Asian Art Museum,판화,민간 기증,1998,시카고 미술관,"영국, 미국",
백남준,Nam June Paik,Gold Series: Asian Art Museum,판화,민간 기증,1998,시카고 미술관,"영국, 미국",
백남준,Nam June Paik,Gold Series: Asian Art Museum,판화,민간 기증,1998,시카고 미술관,"영국, 미국",
백남준,Nam June Paik,Gold Series: Asian Art Museum,판화,민간 기증,1998,시카고 미술관,"영국, 미국",
백남준,Nam June Paik,Gold Series: Asian Art Museum,판화,민간 기증,1998,시카고 미술관,"영국, 미국",
백남준,Nam June Paik,New Town Seoul 4,판화,민간 기증,1998,시카고 미술관,"영국, 미국",
백남준,Nam June Paik,New Town Seoul 1,판화,민간 기증,1998,시카고 미술관,"영국, 미국",
백남준,Nam June Paik,New Town Seoul 2,판화,민간 기증,1998,시카고 미술관,"영국, 미국",
백남준,Nam June Paik,New Town Seoul 3,판화,민간 기증,1998,시카고 미술관,"영국, 미국",
백남준,Nam June Paik,"A Long, Long Time Ago",판화,민간 기증,1998,시카고 미술관,"영국, 미국",
백남준,Nam June Paik,Landscape,판화,민간 기증,1998,시카고 미술관,"영국, 미국",
백남준,Nam June Paik,Desert,판화,민간 기증,1998,시카고 미술관,"영국, 미국",
백남준,Nam June Paik,Fireworks II,드로잉,민간 기증,2014,시카고 미술관,"영국, 미국",
백남준,Nam June Paik,Heart of Grass,판화,민간 기증,1998,시카고 미술관,"영국, 미국",
백남준 외,"Nam June Paik, Shigeko Kubota",Merce by Merce by Paik Part Two: Merce and Marcel,미디어,작가기증,1992,뉴욕현대미술관,"영국, 미국",
백남준 외,"Nam June Paik(Nam June Paik with Shigeko Kubota, Jud Yalkut, Douglas Davis)",Suite 212,미디어,작가기증,1992,뉴욕현대미술관,"영국, 미국",
백남준 외,"Nam June Paik, Jud Yalkut",Electronic Yoga,미디어,민간기부,1999,뉴욕현대미술관,"영국, 미국",
백남준 외,"Nam June Paik, Jud Yalkut",Beatles Electroniques,미디어,민간기부,1999,뉴욕현대미술관,"영국, 미국",
백남준 외,"Nam June Paik, Jud Yalkut",Video Tape Study No. 3,미디어,민간기부,1999,뉴욕현대미술관,"영국, 미국",
백남준 외,"Nam June Paik, Jud Yalkut",Electronic Moon No. 2,미디어,민간기부,1999,뉴욕현대미술관,"영국, 미국",
백남준 외,"Nam June Paik, Jud Yalkut",Waiting for Commercials,미디어,민간기부,1999,뉴욕현대미술관,"영국, 미국",
백남준 외,"Nam June Paik, Jud Yalkut",Video-Film Concert,미디어,민간기부,1999,뉴욕현대미술관,"영국, 미국",
백남준 외,"Nam June Paik, Jud Yalkut",Electronic Fables,미디어,민간기부,1999,뉴욕현대미술관,"영국, 미국",
백남준 외,"Nam June Paik with Paul Garrin, Betsy Connors",Living with the Living Theatre,미디어,작가기증,1992,뉴욕현대미술관,"영국, 미국",
백남준 외,"Nam June Paik, Dimitri Devyatkin",Media Shuttle: Moscow/New York,미디어,작가기증,1992,뉴욕현대미술관,"영국, 미국",
백남준 외,"Nam June Paik, Shigeko Kubota",Allan 'n' Allen's Complaint,미디어,민간기부,2008,뉴욕현대미술관,"영국, 미국",
백남준 외,Various Artists,The New York Collection for Stockholm,포트폴리오,민간기증,1973,뉴욕현대미술관,"영국, 미국",
백남준 외,"Nam June Paik, Otto Piene",Untitled,오브제/조각,복합,2000,뉴욕현대미술관,"영국, 미국",
백남준&닥터 매튜 이항만,Nam June Paik& Dr. Matthew H.M. Lee,A Healer's Hand (ML),사진,민간기증,2001,휘트니 미술관,"영국, 미국",
백남준&닥터 매튜 이항만,Nam June Paik& Dr. Matthew H.M. Lee,The Artist (NJP),사진,민간기증,2001,휘트니 미술관,"영국, 미국",
백남준&제프리 퍼킨스,"Nam June Paik, Jeffrey Perkins",Untitled (Jeff Perkins' Taxi Driver's License),판화,민간기부,2008,휘트니 미술관,"영국, 미국",
백남준&플럭서스,"Fluxus, Nam June Paik",Zen For Film,판화,공공기부,1994,휘트니 미술관,"영국, 미국",
백남준&플럭서스,"Fluxus, Nam June Paik",N.J. PAIK: FLUXUS Island in Decollage OCEAN,판화,공공기부,1994,휘트니 미술관,"영국, 미국",
변관식,Byeon Gwan-sik,"Fish, Flowers and Rock",회화,민간기증,2004,허버트 존슨 미술관,,
변관식,Byeon Gwan-sik,Mountain Landscape,회화,민간기증,2004,허버트 존슨 미술관,,
변관식,Byeon Gwan-sik,Mountain Landscape,회화,민간기증,2004,허버트 존슨 미술관,,
서도호,DoHo Suh,Blue Green Bridge,설치,민간기부,2000,구겐하임,"영국, 미국, 런던",
서도호,DoHo Suh,Karma Juggler,판화,공공기증,2012,뉴욕현대미술관,"영국, 미국, 런던",
서도호,DoHo Suh,Who Am We? (Multi),판화,민간기증,2011,뉴욕현대미술관,"영국, 미국, 런던",
서도호,DoHo Suh,"348 West 22nd St., Apt. A New York, NY 10011 at Rodin Gallery, Seoul/Tokyo Opera City Art Gallery/Serpentine Gallery, London/BiennaleofSydney/SeattleArt Museum/SmithCollegeMuseumofArt, Northhampton/NorthCarolinaMuseum ofArt",설치,민간기증,2015,뉴욕현대미술관,"영국, 미국, 런던",
서도호,DoHo Suh,Who Am We?,판화,민간기부,2000,뉴욕현대미술관,"영국, 미국, 런던",
서도호,DoHo Suh,Doormat: Welcome,조각/설치,민간기부,1998,뉴욕현대미술관,"영국, 미국, 런던",
서도호,DoHo Suh,Karma Juggler,현대미술,공공기증,2013,브루클린 미술관,"영국, 미국, 런던",
서도호,DoHo Suh,The Perfect Home II,현대미술,민간기증,2017,브루클린 미술관,"영국, 미국, 런던",
서도호,DoHo Suh,Doormat: Welcome (Green),현대미술,민간기부,2001,브루클린 미술관,"영국, 미국, 런던",
서도호,DoHo Suh,Bowl with Hands,현대미술,민간기증,2015,브루클린 미술관,"영국, 미국, 런던",
서도호,DoHo Suh,Bowl with Hands,현대미술,민간기증,2015,브루클린 미술관,"영국, 미국, 런던",
서도호,DoHo Suh,Karma Juggler,판화,공공기부,2012,휘트니 미술관,"영국, 미국, 런던",
서도호,DoHo Suh,Dream House,드로잉,공공기부,2003,휘트니 미술관,"영국, 미국, 런던",
서도호,DoHo Suh,Some/One,조각,복합,2001,휘트니 미술관,"영국, 미국, 런던",
서도호,DoHo Suh,Untitled (vase with molded human hands),조각,민간기증,2004,허버트 존슨 미술관,"영국, 미국, 런던",
서병오,Seo Byeong-O,Orchid and Rock,회화,민간기금,2013,허버트 존슨 미술관,한국,
설원지,Won-Gi Sul,Hail,회화,민간기증,1995,메트로폴리탄,,
성능경,Sung Neung Kyung,No Relationship to a Particular Person 2,사진,공공기부,2024,뉴욕현대미술관,,
성능경,Sung Neung Kyung,Venue 5,사진,공공기부,2024,뉴욕현대미술관,,
세오(서수경),SEO(Seo Soo-Kyoung),Berg und Mensch V,회화,공공기증,2005,뉴욕현대미술관,베를린,
세오(서수경),SEO(Seo Soo-Kyoung),Berg und Mensch VI,회화,공공기증,2005,뉴욕현대미술관,베를린,
세오(서수경),SEO(Seo Soo-Kyoung),Berg und Mensch VII,회화,공공기증,2005,뉴욕현대미술관,베를린,
세오(서수경),SEO(Seo Soo-Kyoung),Berg und Mensch VIII,회화,공공기증,2005,뉴욕현대미술관,베를린,
세오(서수경),SEO(Seo Soo-Kyoung),Berg und Mensch IX,회화,공공기증,2005,뉴욕현대미술관,베를린,
세오(서수경),SEO(Seo Soo-Kyoung),Berg und Mensch X,회화,공공기증,2005,뉴욕현대미술관,베를린,
손사라,Sarah Sohn,Time is Not Waiting For Us,판화,민간 기증,2013,시카고 미술관,,
시온(현경),Hyon Gyon,Eleven Minutes,회화,작가기증,2014,브루클린 미술관,,
신상호,Shin Sang Ho,Horse,조각,-,-,메트로폴리탄,,
신혜지,Heji Shin,Big Nude II,사진,민간기부,2023,뉴욕현대미술관,미국,
아니카 이,Anicka Yi,Untitled from Art Against Immigration Ban Letter Portfolio,드로잉,민간기증,2017,뉴욕현대미술관,미국,
아니카 이,Anicka Yi,Shameplex,조각/설치,공공기부,2017,뉴욕현대미술관,미국,
아니카 이,Anicka Yi,The Flavor Genome,미디어아트,민간기증,2017,휘트니 미술관,미국,
아니카 이,Anicka Yi,Early Classical II,조각,공공기부,2016,휘트니 미술관,미국,
아니카 이,Anicka Yi,Convox Dialer Double Distance Of A Shining Path,조각,공공기부,2016,휘트니 미술관,미국,
아니카 이 외,Anicka Yi(Various Artists),Art Against Immigration Ban Letter Portfolio,드로잉/프린트,민간기증,2017,뉴욕현대미술관,미국,
안동국,Dongkuk S. Ahn,"Rupa, Ephemeral",판화,작가기증,1966,뉴욕현대미술관,미국,
안성금,Sung-Keum Ahn,Long Way,회화,민간 기증,2004,시카고 미술관,,
양혜규,Haegue Yang,Series of Vulnerable Arrangements—Voice and Wind,설치,공공기금,2011,구겐하임,"독일, 한국",
양혜규,Haegue Yang,Spice Moons,프린트,민간기부,2024,뉴욕현대미술관,"독일, 한국",
양혜규,Haegue Yang,Clappers – Trustworthy Off Horizons #133,프린트,민간기부,2011,뉴욕현대미술관,"독일, 한국",
양혜규,Haegue Yang,Cup Cosies (for Parkett no. 89),조각/설치,민간기부,2011,뉴욕현대미술관,"독일, 한국",
양혜규,Haegue Yang,Can Cosies – Pomodori Pelati 400g,조각/설치,민간기부,2024,뉴욕현대미술관,"독일, 한국",
양혜규,Haegue Yang,Sallim,설치,복합,2010,뉴욕현대미술관,"독일, 한국",
양혜규,Haegue Yang,Traces of Anonymous Pupil Authors,드로잉,민간기부,2010,뉴욕현대미술관,"독일, 한국",
양혜규 외,Haegue Yang(Various Artists with),Parkett no. 89,도서,공공기증,2011,뉴욕현대미술관,"독일, 한국",
윤동구,Dong-Koo Yun,Untitled,회화,민간기증,1995,메트로폴리탄,,
윤명로,Youn Myeongro,Untitled,회화,민간기금,2018,허버트 존슨 미술관,,
윤용구,Yun Yong-gu,Pair of Calligraphy,서예,민간기증,2011,허버트 존슨 미술관,,
윤용구,Yun Yong-gu,Falling Bamboo,회화,민간기금,2013,허버트 존슨 미술관,,
윤용구,Yoon Yong-gu,Beauty under a willow tree,회화/서예,민간 기증,2023,시카고 미술관,,
윤용구,Yoon Yong-gu,Calligraphy,회화/서예,민간 기증,2023,시카고 미술관,,
윤형근,Yun Hyong-Keun,Untitled,회화,민간 기증(사전),2016,시카고 미술관,,
이도영,Yi Do-Yeong,"Peony, Rock, and Flowering Grass",회화,민간기금,2008,허버트 존슨 미술관,,
이미경,Lee Mi-kyung,Sketchbook drawing,회화/서예,민간 기금,2004,시카고 미술관,,
이불,Lee Bul,Untitled (cyborg leg),조각,공공기증,2023,메트로폴리탄,"일본, 미국",
이불,Lee Bul,Untitled (cyborg pelvis),조각,공공기증,2023,메트로폴리탄,"일본, 미국",
이불,Lee Bul,Drifting Ashen Flake Opaque,조각,공공기금,2013,구겐하임,"일본, 미국",
이불,Lee Bul,Against Oblivion,조각,공공기금,2013,구겐하임,"일본, 미국",
이상범,Lee Sangbeom (Yi Sang-bom),Brook and Pavilion in Autumn,회화,민간기증,2004,허버트 존슨 미술관,,
이수원,Suwon Lee,The most dangerous city in the world,사진,복합,2017,뉴욕현대미술관,,
이수원,Suwon Lee,Purple Haze,사진,복합,2017,뉴욕현대미술관,,
이수원,Suwon Lee,Lights On,사진,복합,2017,뉴욕현대미술관,,
이승조,Lee Seung Jio,Nucleus F-G-999,회화,복합,2021,뉴욕현대미술관,,
이우환,Lee Ufan,Dialogue,회화,민간기증,2011,구겐하임,"일본, 프랑스, 한국",
이우환,Lee Ufan,Relatum—dissonance,조각,민간기증,2011,구겐하임,"일본, 프랑스, 한국",
이우환,Lee Ufan,Relatum—dialogue,조각,민간기증,2011,구겐하임,"일본, 프랑스, 한국",
이우환,Lee Ufan,From Line,회화,민간기부,2010,뉴욕현대미술관,"일본, 프랑스, 한국",
이우환,Lee Ufan,Work No. 2,판화,민간기부,1975,뉴욕현대미술관,"일본, 프랑스, 한국",
이우환,Lee Ufan,Work No. 3,판화,민간기부,1973,뉴욕현대미술관,"일본, 프랑스, 한국",
이우환,Lee Ufan,Work No. 4B,판화,민간기부,1975,뉴욕현대미술관,"일본, 프랑스, 한국",
이우환,Lee Ufan,Untitled,회화,-,1974,브루클린 미술관,"일본, 프랑스, 한국",
이우환,Lee Ufan,Sketchbook drawing,판화,복합,2019,시카고 미술관,"일본, 프랑스, 한국",
이응노,ung-no lee,Composition,회화,작가기증,1960,뉴욕현대미술관,"프랑스, 한국",
이응노,ung-no lee,Sailing,회화,민간기부,1958,뉴욕현대미술관,"프랑스, 한국",
이응노,ung-no lee,Mountains,회화,민간기부,1958,뉴욕현대미술관,"프랑스, 한국",
이일,Il Lee,"Hanro M3, M4, M5, M6",판화,민간기부,2012,메트로폴리탄,,
이일,Il Lee,Untitled 303,드로잉,복합,2016,메트로폴리탄,,
이재규 외,"Jay Kyu Lee(Melodie McDaniel, Jay Kyu Lee, Jazz Lee Alston)",Love...Never That,비디오,-,2003,뉴욕현대미술관,,
이재효,Jaehyo Lee,Nail and Wood,조각,민간기금,2008,허버트 존슨 미술관,한국,
이정진,Jungjin Lee,[Sole of Tennis Shoe],사진,작가기증,1993,메트로폴리탄,미국,
이정진,Jungjin Lee,Wind 04-54,사진,민간기증,2009,메트로폴리탄,미국,
이정진,Jungjin Lee,The American Desert II-2,사진,작가기증,1994,메트로폴리탄,미국,
이정진,Jungjin Lee,[Cancelled Postage Stamps],사진,복합,1993,메트로폴리탄,미국,
이정진,Jungjin Lee,The American Desert III-7,사진,공공기부,1994,메트로폴리탄,미국,
이정진,Jungjin Lee,The American Desert II-9,사진,복합,1994,메트로폴리탄,미국,
이정진,Jungjin Lee,The American Desert II-7,사진,복합,1994,메트로폴리탄,미국,
이정진,Jungjin Lee,Wind 04-49,사진,복합,2009,메트로폴리탄,미국,
이정진,Jungjin Lee,Wind 03-23,사진,복합,2009,메트로폴리탄,미국,
이정진,Jungjin Lee,The American Desert II-6,사진,민간기증,2003,휘트니 미술관,미국,
이중섭,Joong Seop Lee,Family in Paradise (Number 50),회화,민간기증,1956,뉴욕현대미술관,한국,
이중섭,Joong Seop Lee,Fairyland (Number 57),회화,민간기증,1956,뉴욕현대미술관,한국,
이중섭,Joong Seop Lee,People Reading the Newspaper (Number 84),회화,민간기증,1956,뉴욕현대미술관,한국,
이진,Jin Lee,Abbot Hyegak's dancheong patterns,사진,공공 기증,1993,시카고 미술관,,
이진,Jin Lee,Allegory of a Moon Jar III,사진,공공 기증,1995,시카고 미술관,,
이진,Jin Lee,Allegory of a Moon Jar II,사진,공공 기증,2000,시카고 미술관,,
이진,Jin Lee,Allegory of a Moon Jar I,사진,민간 기금,1994,시카고 미술관,,
이진,Jin Lee,White-Robed Water-Moon Avalokiteshvara (Gwaneum bosal),사진,민간 기금,1994,시카고 미술관,,
이진,Jin Lee,Neo-Confucian Family Precepts,사진,민간 기금,1994,시카고 미술관,,
이항성,Lee Hang Sung,Purity,판화,민간기증,1991,허버트 존슨 미술관,,
이항성,Lee Hang Sung,Mysterious Echo,판화,민간기증,1991,허버트 존슨 미술관,,
이항성,Lee Hang Sung,Mysterious Echo,판화,민간기증,2001,허버트 존슨 미술관,,
이항성,Lee Hang Sung,Purity,판화,민간기증,2001,허버트 존슨 미술관,,
이환권,Yi Hwan Kwon,"Prescient Partners: Alex Lin, Bong Lee, and Alexander Ho, from the series Jangdokdae",조각,민간기증,2016,허버트 존슨 미술관,,
임충섭,Choong-Sup Lim,Coop II,조각,민간기증,1995,메트로폴리탄,,
장연순,Chang Yeon Soon,Neo-Confucian Family Precepts,섬유/조각/설치,민간 기금,2017,시카고 미술관,한국,
장우성,Chang Woo-song,Wisteria,회화,민간기증,2004,허버트 존슨 미술관,한국,
정상화,Chung Sang-Hwa,Cave of Enlightenment,회화,민간 기증(사전),2016,시카고 미술관,,
정연두,Yeondoo Jung,“Wannabe”—Singer,-,민간기증,2016,허버트 존슨 미술관,한국,
조성희,Jo Sung-hee,End of Animal,미디어,-,-,뉴욕현대미술관,,
조승호,Seoungho Cho,Cold Pieces 2,미디어,-,2002,뉴욕현대미술관,미국,
조인선,Insun Cho,Nine Dragon Falls,사진/프린트,작가 기증,2006,시카고 미술관,,
중광,Jung Kwang,Kissing Cocks,회화,민간기증,2003,허버트 존슨 미술관,한국,
지용호,Ji Yong-Ho,Deer Three Heads,조각,민간기금,2018,허버트 존슨 미술관,한국,
차학경,Theresa Hak Kyung Cha,Mouth to Mouth,미디어아트,복합,2023,휘트니 미술관,"샌프란시스코, 파리, 뉴욕",
차학경,Theresa Hak Kyung Cha,Re Dis Appearing,미디어아트,공공기부,2023,휘트니 미술관,"샌프란시스코, 파리, 뉴욕",
채용신,Chae Yongsin,Portrait of a scholar,회화,복합,2012,메트로폴리탄,,
천경자,Chun Kyung-ja,Goldfish,회화,민간기증,2004,허버트 존슨 미술관,,
최기원,Choi Ki Won,Abstract sculpture,조각,민간기증,2019,허버트 존슨 미술관,,
최상아,Sang-Ah Choi,Blowing Bubbles: Paintings by Sang-Ah Choi,아티스트북/드로잉,민간기부,2003,뉴욕현대미술관,,
최영선,YoungSun Choi,Nine Dragon Falls on Diamond Mountain,사진,공공 기증,2018,시카고 미술관,,
최영선,YoungSun Choi,Calligraphy,사진,공공 기증,2019,시카고 미술관,,
크리스틴 선 김,Christine Sun Kim,The Sound of Temperature Rising,벽화/드로잉/설치,공공기부,2021,뉴욕현대미술관,독일,
크리스틴 선 김,Christine Sun Kim,Shit Hearing People Say To Me,드로잉,공공기부,2021,뉴욕현대미술관,독일,
크리스틴 선 김,Christine Sun Kim,When I Play the Deaf Card,드로잉,공공기부,2021,뉴욕현대미술관,독일,
크리스틴 선 김,Christine Sun Kim,G.O.L.,미디어아트,공공기부/커미션,2021,브루클린 미술관,독일,
크리스틴 선 김,Christine Sun Kim,Too Much Future,드로잉,공공기부,2018,휘트니 미술관,독일,
크리스틴 선 김,Christine Sun Kim,Egg Woman II,미디어아트,민간 기증(사전),2023,시카고 미술관,독일,
하종현,Ha Chong-Hyun,Conjunction 74–26,회화,민간기증,2015,뉴욕현대미술관,,
하종현,Ha Chong-Hyun,Butterflies,회화,민간 기증(사전),2016,시카고 미술관,,
하종현,Ha Chong-Hyun,Circular relief,회화,작가 기증,2016,시카고 미술관,,
허백련,Heo Baek-ryon,Geese,회화,민간기증,2004,허버트 존슨 미술관,한국,
허백련,Heo Baek-ryon,Playing the Flute by Moonlight,회화,민간기증,2004,허버트 존슨 미술관,,
허수영,Her Suyoung,Moon 390426,회화,민간기금,2017,허버트 존슨 미술관,한국,
허수영,Her Suyoung,East Side,회화,민간 기금,2023,시카고 미술관,한국,
황규백,Kyu-Baik Hwang,White Handkerchief on the Grass,판화,민간기부,1973,뉴욕현대미술관,한국,
황규백,K. B. Hwang,Curtain,판화,공공기증,1980,브루클린 미술관,한국,
황규백,K. B. Hwang,Weather Forecast - 722,판화,민간기증,1980,브루클린 미술관,한국,
황규백,K. B. Hwang,Spool,판화,공공기증,1980,브루클린 미술관,한국,
황규백,K. B. Hwang,"Wood, Paper and Stone",판화,공공기증,1980,브루클린 미술관,한국,
황규백,Kyu-Baik Hwang,Umbrella,판화,민간기증,1984,허버트 존슨 미술관,한국,
황란,Ran Hwang,East Wind,설치,복합,2012,브루클린 미술관,,
황인기,In Kie Whang,Village,회화,민간기증,1995,메트로폴리탄,,
황현용,Hwang Hyun-yong,Happiness,회화,민간 기금,2006,시카고 미술관,,
